{
  "aa12": "AA-12",
  "acwr": "ACR",
  "acwr2": "ACR",
  "op68":"ACR",
  "ak5": "FNC",
  "ak5s": "Ak_5",
  "x_ak5s": "Ak_5",
  "ak74": "AK-74M",
  "tilt": "AN-94",
  "akrocket": "AN-94",
  "akm": "AK-47",
  "akm_gold": "AK-47",
  "akmsu": "AK-74U",
  "x_akmsu": "AK-74U",
  "amcar": "ST_AR-15",
  "flat": "ST_AR-15",
  "asval": "AS_Val",
  "aug": "AUG",
  "aug9mm": "AUG_Para",
  "b92fs": "M9",
  "x_b92fs": "M9",
  "baka": "Micro_Uzi",
  "benelli": "M1014",
  "boot": "M1887",
  "breech": "P08",
  "x_breech": "P08",
  "bs23": "KS-23",
  "c96": "C96",
  "x_c96": "C96",
  "car9": "RO635",
  "x_car9": "RO635",
  "ching": "M1_Garand",
  "coal": "PP-19",
  "x_coal": "PP-19",
  "cobray": "MAC-10",
  "x_cobray": "MAC-10",
  "mac10": "MAC-10",
  "x_mac10": "MAC-10",
  "colt_1911": "M1911",
  "x_colt_1911": "M1911",
  "contraband": "G28",
  "recce": "G28",
  "contender": "Contender",
  "apairofmelons": "G28",
  "corgi": "F2000",
  "czech": "CZ75",
  "x_czech": "CZ75",
  "czevo": "EVO_3",
  "deagle": "Desert_Eagle",
  "x_deagle": "Desert_Eagle",
  "limafive": "Desert_Eagle",
  "deltaoneiner": "Desert_Eagle",
  "cssdeagle": "Desert_Eagle",
  "desertfox": "SRS",
  "dp12": "DP-12",
  "erma": "MP40",
  "x_erma": "MP40",
  "fal": "FAL",
  "famas": "FAMAS",
  "flint": "AK-12",
  "fg42": "FG42",
  "ak12": "AK-12",
  "ak12_2014": "AK-12",
  "fmg9": "FMG-9",
  "x_fmg9": "FMG-9",
  "fpsix": "FP-6",
  "fakedefy": "AK-Alfa",
  "g3": "G3",
  "g36": "G36C",
  "g36k": "G36",
  "galil": "Galil",
  "galilace762": "Galil",
  "galilace": "Galil",
  "glock_17": "Glock_17",
  "x_glock_17": "Glock_17",
  "groza": "OTs-14",
  "hajk": "CZ-805",
  "x_hajk": "CZ-805",
  "hcar": "M1918",
  "heartpiercer": "SV-98",
  "hk21": "HK21",
  "hk33": "HK33",
  "howa": "Howa_Type_89",
  "howl": "Zas_M21",
  "hs2000": "HS2000",
  "x_hs2000": "HS2000",
  "jackhammer": "MK3A1",
  "k2": "K2",
  "munmu": "K2",
  "k3": "K3",
  "k5": "K5",
  "usas12": "USAS-12",
  "kar98k": "Kar98k",
  "komodo": "TAR-21",
  "ksg": "KSG",
  "l85a2": "L85A1",
  "legacy": "P7",
  "x_legacy": "P7",
  "lemming": "Five-seveN",
  "x_lemming": "Five-seveN",
  "lazy": "ARX-160",
  "leet": "RFB",
  "m3": "M3",
  "m16": "M16A1",
  "m37": "M37",
  "m45": "m45",
  "m60": "M60",
  "m95": "M82A1",
  "m107cq": "M82A1",
  "m134": "Yurine",
  "m200": "M200",
  "m249": "M249_SAW",
  "m590": "M590",
  "m1897": "M1897",
  "m1911": "M1911",
  "x_m1911": "M1911",
  "m1928": "Thompson",
  "x_m1928": "Thompson",
  "mcx_gen1": "SIG_MCX",
  "mcx_spear": "SIG_MCX",
  "mcbravo": "SIG_MCX",
  "mdr_308": "MDR",
  "nckuro": "MDR",
  "mg5": "MG5",
  "mg42": "MG42",
  "mikon": "R5",
  "mosin": "Mosin-Nagant",
  "mp5": "MP5",
  "x_mp5": "MP5",
  "mp7": "MP7",
  "x_mp7": "MP7",
  "mp7new": "MP7",
  "soppo": "M4_SOPMOD_II",
  "new_m4": "M4A1",
  "rabbit": "M4A1",
  "m4bpre": "M4A1",
  "gcar": "M4A1",
  "m4_usasoc": "M4A1",
  "new_m14": "M14",
  "negev": "Negev",
  "novas": "Supernova",
  "nya": "IDW",
  "x_nya": "IDW",
  "obr5": "OBR",
  "p90": "P90",
  "x_p90": "P90",
  "p226": "P226",
  "x_p226": "P226",
  "packrat": "P30",
  "x_packrat": "P30",
  "par": "M240L",
  "pecheneg": "PKP",
  "pm9": "PM-9",
  "x_pm9": "PM-9",
  "polymer": "Vector",
  "x_polymer": "Vector",
  "ppk": "PPK",
  "x_ppk": "PPK",
  "ppk20": "PP-19-01",
  "ppsh": "PPSh-41",
  "px4": "Px4_Storm",
  "qbu88": "QBU-88",
  "r93": "R93",
  "r870": "M870",
  "raider": "SCR",
  "re8_m110": "Super_SASS",
  "rhino": "Rhino",
  "rota": "Six12",
  "x_rota": "Six12",
  "rpk": "RPK-16",
  "s552": "SIG-556",
  "sg552": "SIG-556",
  "saiga": "Saiga-12",
  "scar": "SCAR-H",
  "scarl": "SCAR-L",
  "schakal": "UMP45",
  "x_schakal": "UMP45",
  "scorpion": "Skorpion",
  "scout": "Steyr_Scout",
  "serbu": "Super-Shorty",
  "shak12": "ASh-12.7",
  "sonny": "Bren_Ten",
  "siltstone": "SVD",
  "sparrow": "Jericho",
  "spas12": "SPAS-12",
  "sr2": "SR-2",
  "stech": "Stechkin",
  "x_stech": "Stechkin",
  "sterling": "Sten_MkII",
  "stg44": "StG44",
  "sub2000": "SUB-2000",
  "spas15": "SPAS-15",
  "tec9": "TEC-9",
  "x_tec9": "TEC-9",
  "techno": "MAG-7",
  "x_techno": "MAG-7",
  "tecci": "HK416",
  "raifu": "HK416",
  "hk416": "HK416",
  "sg416": "HK416",
  "temple": "G11",
  "tti": "Super_SASS",
  "iuhTTIPlus": "Super_SASS",
  "type54": "Tokarev",
  "x_type54": "Tokarev",
  "ump": "UMP9",
  "usp": "USP_Compact",
  "x_usp": "USP_Compact",
  "vhs": "VHS",
  "vityaz": "PP-19-01",
  "x_vityaz": "PP-19-01",
  "vsk94": "9A-91",
  "vp70": "VP70",
  "x_vp70": "VP70",
  "wa2000": "WA2000",
  "xm8": "XM8",
  "bajur": "Honey_Badger",
  "bdgr": "Honey_Badger",
  "betty": "Honey_Badger",
  "petto": "Honey_Badger"
}